{
  "qwen_llama": {
    "rho": 0.3784364888842502,
    "p_value": 0.0026997300269973002
  },
  "qwen_phi": {
    "rho": 0.7458302891138714,
    "p_value": 9.999000099990002e-05
  },
  "llama_phi": {
    "rho": 0.51829662874439,
    "p_value": 9.999000099990002e-05
  }
}