{
  "null_control": {
    "acc_depth_only": 0.8793160967472893,
    "acc_vq_only": 0.8079733110925773,
    "acc_all_features": 0.9105754795663052,
    "acc_shuffled": 0.4972810675562969
  },
  "per_model_replication": {
    "GPT-2": {
      "early_depth": 0.2269900497512438,
      "late_depth": 0.7716942148760331,
      "depth_separation": 0.5447041651247893,
      "vq_separation": 0.3961988118909585,
      "exists": true
    },
    "Qwen-0.5B": {
      "early_depth": 0.38354700854700857,
      "late_depth": 0.8825757575757577,
      "depth_separation": 0.4990287490287491,
      "vq_separation": 0.801296895104895,
      "exists": true
    },
    "Qwen-1.5B": {
      "early_depth": 0.4913003663003663,
      "late_depth": 0.8916256157635468,
      "depth_separation": 0.40032524946318054,
      "vq_separation": 1.0084838448275861,
      "exists": true
    },
    "Llama-3.2-1B": {
      "early_depth": 0.4227150537634409,
      "late_depth": 0.8783783783783784,
      "depth_separation": 0.4556633246149375,
      "vq_separation": 0.4472285431560593,
      "exists": true
    }
  },
  "bootstrap_stability": {
    "ari_mean": 0.7412479804426367,
    "ari_std": 0.2886273879122907,
    "early_depth_mean": 0.2933176197313294,
    "early_depth_std": 0.05120702565795359,
    "late_depth_mean": 0.7693951870022453,
    "late_depth_std": 0.06994218857564251
  },
  "spatial_laws": {
    "kruskal_h": 126.46326530131708,
    "kruskal_p": 3.127284813811702e-27,
    "means": {
      "induction": 0.5728051275354749,
      "local": 0.4521852576647097,
      "retrieval": 0.47345002357378596,
      "sink": 0.354596654525833
    }
  },
  "vq_developmental_law": {
    "GPT-2": {
      "pearson": 0.6812033137390847,
      "spearman": 0.7000664412481739
    },
    "Qwen-0.5B": {
      "pearson": 0.733804876472401,
      "spearman": 0.7127066648856855
    },
    "Qwen-1.5B": {
      "pearson": 0.6471642100653128,
      "spearman": 0.6488657098473676
    },
    "Llama-3.2-1B": {
      "pearson": 0.6345522708887521,
      "spearman": 0.6099105228400518
    },
    "global_ols_slope": 0.6904993446814913,
    "global_ols_pvalue": 1.9162665993487685e-127
  }
}