{
  "counting": {
    "ranks": [
      1,
      1,
      1
    ],
    "margins": [
      0.08386194705963135,
      0.07385993003845215,
      0.15536409616470337
    ]
  },
  "sorting": {
    "ranks": [
      2,
      1,
      1
    ],
    "margins": [
      -0.010591566562652588,
      0.0003979206085205078,
      0.013620376586914062
    ]
  },
  "overall_permutation_p_value": 0.0027,
  "true_median_rank": 1.0
}