{
  "22": {
    "mean_true": 0.015710370151963266,
    "mean_placebo": 0.09310045684413658,
    "p_val": 0.28515625
  },
  "25": {
    "mean_true": -0.05324757557154744,
    "mean_placebo": -0.09612337566063628,
    "p_val": 0.064453125
  },
  "27": {
    "mean_true": -0.37236677628226533,
    "mean_placebo": -0.6795908724043229,
    "p_val": 0.80859375
  }
}