{
  "GPT-2": {
    "Sink": {
      "layer": 5,
      "head": 11,
      "delta": 0.00085,
      "tokens": [
        "The",
        " large",
        " green",
        " building",
        " on",
        " the",
        " corner",
        " of",
        " the",
        " street",
        " is",
        " currently",
        " undergoing",
        " major",
        " renovations",
        "."
      ],
      "weights": [
        7.963180541992188e-05,
        0.0,
        0.0,
        0.0,
        0.0,
        0.0,
        0.0,
        0.0,
        0.0,
        5.364418029785156e-07,
        5.960464477539063e-08,
        1.7881393432617188e-07,
        9.298324584960938e-06,
        5.4895877838134766e-05,
        0.99853515625,
        0.001285552978515625
      ]
    },
    "Local": {
      "layer": 1,
      "head": 11,
      "delta": -0.00049,
      "tokens": [
        "The",
        " large",
        " green",
        " building",
        " on",
        " the",
        " corner",
        " of",
        " the",
        " street",
        " is",
        " currently",
        " undergoing",
        " major",
        " renovations",
        "."
      ],
      "weights": [
        0.20263671875,
        0.051177978515625,
        0.060028076171875,
        0.0330810546875,
        0.0200653076171875,
        0.0290679931640625,
        0.0274200439453125,
        0.0255584716796875,
        0.0208740234375,
        0.0286102294921875,
        0.020660400390625,
        0.034088134765625,
        0.01348876953125,
        0.02581787109375,
        0.0213165283203125,
        0.385986328125
      ]
    },
    "Retrieval": {
      "layer": 23,
      "head": 4,
      "delta": 0.88793,
      "tokens": [
        "The",
        " capital",
        " of",
        " France",
        " is",
        " Paris",
        ".",
        " The",
        " capital",
        " of",
        " Japan",
        " is",
        " Tokyo",
        ".",
        " The",
        " capital",
        " of",
        " France",
        " is"
      ],
      "weights": [
        0.51220703125,
        0.0198822021484375,
        0.05389404296875,
        0.06842041015625,
        0.09429931640625,
        0.02203369140625,
        0.03961181640625,
        0.0194244384765625,
        0.0032558441162109375,
        0.0285797119140625,
        0.0107269287109375,
        0.017425537109375,
        0.0032367706298828125,
        0.01629638671875,
        0.009521484375,
        2.002716064453125e-05,
        0.025238037109375,
        0.007965087890625,
        0.047943115234375
      ]
    },
    "Induction": {
      "layer": 9,
      "head": 3,
      "delta": -1.21662,
      "tokens": [
        "The",
        " quick",
        " brown",
        " fox",
        " jumps",
        " over",
        " the",
        " lazy",
        " dog",
        ".",
        " The",
        " quick",
        " brown",
        " fox",
        " jumps",
        " over",
        " the",
        " lazy"
      ],
      "weights": [
        0.2042236328125,
        0.0013780593872070312,
        0.0006823539733886719,
        0.005859375,
        0.0003540515899658203,
        0.0001659393310546875,
        4.00543212890625e-05,
        0.0250091552734375,
        0.5703125,
        0.1259765625,
        0.0111846923828125,
        0.009796142578125,
        0.00437164306640625,
        0.01519775390625,
        0.007251739501953125,
        0.0014219284057617188,
        0.0003364086151123047,
        0.0163726806640625
      ]
    }
  },
  "Qwen-0.5B": {
    "Sink": {
      "layer": 11,
      "head": 7,
      "delta": -0.0,
      "tokens": [
        "The",
        " large",
        " green",
        " building",
        " on",
        " the",
        " corner",
        " of",
        " the",
        " street",
        " is",
        " currently",
        " undergoing",
        " major",
        " renovations",
        "."
      ],
      "weights": [
        1.0,
        1.7881393432617188e-07,
        0.0,
        0.0,
        0.0,
        0.0,
        0.0,
        0.0,
        0.0,
        0.0,
        0.0,
        0.0,
        0.0,
        0.0,
        0.0,
        5.960464477539063e-08
      ]
    },
    "Local": {
      "layer": 0,
      "head": 11,
      "delta": -8e-05,
      "tokens": [
        "The",
        " large",
        " green",
        " building",
        " on",
        " the",
        " corner",
        " of",
        " the",
        " street",
        " is",
        " currently",
        " undergoing",
        " major",
        " renovations",
        "."
      ],
      "weights": [
        0.00013458728790283203,
        0.0014467239379882812,
        0.003932952880859375,
        0.000774383544921875,
        5.608797073364258e-05,
        3.0040740966796875e-05,
        8.165836334228516e-05,
        0.002105712890625,
        0.004459381103515625,
        0.0002849102020263672,
        5.608797073364258e-05,
        2.0623207092285156e-05,
        0.0004146099090576172,
        0.0697021484375,
        0.51513671875,
        0.4013671875
      ]
    },
    "Retrieval": {
      "layer": 5,
      "head": 11,
      "delta": 0.60551,
      "tokens": [
        "The",
        " capital",
        " of",
        " France",
        " is",
        " Paris",
        ".",
        " The",
        " capital",
        " of",
        " Japan",
        " is",
        " Tokyo",
        ".",
        " The",
        " capital",
        " of",
        " France",
        " is"
      ],
      "weights": [
        0.9306640625,
        0.0015821456909179688,
        0.0005817413330078125,
        0.000823974609375,
        0.00666046142578125,
        0.0003407001495361328,
        0.0092620849609375,
        0.0037078857421875,
        0.0006775856018066406,
        0.00038623809814453125,
        0.0012712478637695312,
        0.007694244384765625,
        0.0009555816650390625,
        0.01256561279296875,
        0.0084381103515625,
        0.0009670257568359375,
        0.0011892318725585938,
        0.0004241466522216797,
        0.01161956787109375
      ]
    },
    "Induction": {
      "layer": 11,
      "head": 8,
      "delta": -1.47622,
      "tokens": [
        "The",
        " quick",
        " brown",
        " fox",
        " jumps",
        " over",
        " the",
        " lazy",
        " dog",
        ".",
        " The",
        " quick",
        " brown",
        " fox",
        " jumps",
        " over",
        " the",
        " lazy"
      ],
      "weights": [
        0.1431884765625,
        0.00027441978454589844,
        0.0013561248779296875,
        0.0059356689453125,
        0.0041046142578125,
        0.012603759765625,
        0.038330078125,
        0.0933837890625,
        0.5947265625,
        0.0394287109375,
        0.00038623809814453125,
        0.00281524658203125,
        0.005657196044921875,
        0.006748199462890625,
        0.005901336669921875,
        0.009521484375,
        0.00516510009765625,
        0.0302276611328125
      ]
    }
  },
  "Qwen-1.5B": {
    "Sink": {
      "layer": 15,
      "head": 7,
      "delta": -0.0003,
      "tokens": [
        "The",
        " large",
        " green",
        " building",
        " on",
        " the",
        " corner",
        " of",
        " the",
        " street",
        " is",
        " currently",
        " undergoing",
        " major",
        " renovations",
        "."
      ],
      "weights": [
        NaN,
        NaN,
        NaN,
        NaN,
        NaN,
        NaN,
        NaN,
        NaN,
        NaN,
        NaN,
        NaN,
        NaN,
        NaN,
        NaN,
        NaN,
        NaN
      ]
    },
    "Local": {
      "layer": 3,
      "head": 2,
      "delta": -0.00174,