{
  "model": "qwen-0.5b",
  "n_prompts": 200,
  "tasks": {
    "arithmetic": {
      "n_prompts": 200,
      "n_classes": 8,
      "chance": 0.125,
      "real_accs": [
        0.27999999999999997,
        0.975,
        0.9949999999999999,
        0.9949999999999999,
        0.9949999999999999,
        0.9949999999999999,
        0.9949999999999999,
        0.9949999999999999,
        0.9949999999999999,
        0.9949999999999999,
        0.9949999999999999,
        0.9949999999999999,
        0.9949999999999999,
        0.9949999999999999,
        0.9949999999999999,
        0.9949999999999999,
        0.9949999999999999,
        0.9949999999999999,
        0.9949999999999999,
        0.9949999999999999,
        1.0,
        1.0,
        1.0,
        1.0,
        1.0
      ],
      "null_accs": [
        0.28,
        0.18,
        0.18,
        0.16499999999999998,
        0.18,
        0.185,
        0.185,
        0.16499999999999998,
        0.17,
        0.16,
        0.175,
        0.16999999999999998,
        0.16,
        0.16999999999999998,
        0.175,
        0.175,
        0.16,
        0.155,
        0.15499999999999997,
        0.16999999999999998,
        0.16,
        0.16499999999999998,
        0.15,
        0.16499999999999998,
        0.17
      ],
      "Lp": 1,
      "Lp_norm": 0.041666666666666664,
      "ll_lstar": 2.0,
      "ll_lstar_norm": 0.08333333333333333,
      "match_verdict": "MATCH \u2014 LL basis alignment adequate"
    },
    "niah": {
      "n_prompts": 200,
      "n_classes": 9,
      "chance": 0.1111111111111111,
      "real_accs": [
        0.15,
        0.155,
        0.21000000000000002,
        0.13999999999999999,
        0.13999999999999999,
        0.15,
        0.175,
        0.17,
        0.15499999999999997,
        0.155,
        0.13999999999999999,
        0.15,
        0.16,
        0.19,
        0.205,
        0.32,
        0.31,
        0.64,
        0.63,
        0.62,
        0.5700000000000001,
        0.9800000000000001,
        0.99,
        0.9850000000000001,
        0.985
      ],
      "null_accs": [
        0.15,
        0.16999999999999998,
        0.165,
        0.13499999999999998,
        0.15,
        0.175,
        0.19,
        0.165,
        0.22000000000000003,
        0.18,
        0.215,
        0.205,
        0.17,
        0.145,
        0.145,
        0.145,
        0.16,
        0.15999999999999998,
        0.185,
        0.16499999999999998,
        0.175,
        0.125,
        0.13499999999999998,
        0.155,
        0.15500000000000003
      ],
      "Lp": 21,
      "Lp_norm": 0.875,
      "ll_lstar": 21.166666666666668,
      "ll_lstar_norm": 0.8819444444444445,
      "match_verdict": "MATCH \u2014 LL basis alignment adequate"
    }
  }
}