{
  "seq_lengths": [
    128,
    256,
    512,
    1024,
    2048,
    4096,
    8192
  ],
  "window_size": 32,
  "model_fractions": {
    "GPT-2 Medium\n(MHA, 16H)": {
      "f_sink": 0.039,
      "f_local": 0.81,
      "f_crit": 0.151
    },
    "Qwen-2.5-0.5B\n(GQA-7, 14H)": {
      "f_sink": 0.107,
      "f_local": 0.827,
      "f_crit": 0.066
    },
    "Qwen-2.5-1.5B\n(GQA-6, 12H)": {
      "f_sink": 0.012,
      "f_local": 0.878,
      "f_crit": 0.11
    },
    "Llama-3.2-1B\n(GQA-4, 32H)": {
      "f_sink": 0.0,
      "f_local": 0.85,
      "f_crit": 0.15
    }
  },
  "curves": {
    "GPT-2 Medium (MHA, 16H)": {
      "baseline": [
        128.0,
        256.0,
        512.0,
        1024.0,
        2048.0,
        4096.0,
        8192.0
      ],
      "headgenome": [
        45.287000000000006,
        64.61500000000001,
        103.271,
        180.583,
        335.207,
        644.4549999999999,
        1262.951
      ],
      "savings_pct": [
        64.61953125,
        74.759765625,
        79.8298828125,
        82.36494140625,
        83.63247070312501,
        84.2662353515625,
        84.58311767578125
      ]
    },
    "Qwen-2.5-0.5B (GQA-7, 14H)": {
      "baseline": [
        128.0,
        256.0,
        512.0,
        1024.0,
        2048.0,
        4096.0,
        8192.0
      ],
      "headgenome": [
        35.019,
        43.467,
        60.363,
        94.155,
        161.739,
        296.90700000000004,
        567.243
      ],
      "savings_pct": [
        72.64140624999999,
        83.02070312500001,
        88.2103515625,
        90.80517578125,
        92.102587890625,
        92.7512939453125,
        93.07564697265624
      ]
    },
    "Qwen-2.5-1.5B (GQA-6, 12H)": {
      "baseline": [
        128.0,
        256.0,
        512.0,
        1024.0,
        2048.0,
        4096.0,
        8192.0
      ],
      "headgenome": [
        42.188,
        56.268,
        84.428,
        140.748,
        253.388,
        478.668,
        929.228
      ],
      "savings_pct": [
        67.04062499999999,
        78.0203125,
        83.51015625,
        86.255078125,
        87.6275390625,
        88.31376953125,
        88.656884765625
      ]
    },
    "Llama-3.2-1B (GQA-4, 32H)": {
      "baseline": [
        128.0,
        256.0,
        512.0,
        1024.0,
        2048.0,
        4096.0,
        8192.0
      ],
      "headgenome": [
        46.4,
        65.6,
        104.0,
        180.79999999999998,
        334.4,
        641.6,
        1256.0
      ],
      "savings_pct": [
        63.74999999999999,
        74.375,
        79.6875,
        82.34375,
        83.671875,
        84.3359375,
        84.66796875
      ]
    }
  }
}