{
  "mean_retrieval": 2.5278125,
  "mean_random": 2.7516259765625,
  "p_val": 0.4042343111871671
}