{
  "23": {
    "mean_true": 0.3017038662296136,
    "mean_placebo": 0.052247196996368914,
    "p_val": 0.0078125
  },
  "22": {
    "mean_true": 0.25829428543347666,
    "mean_placebo": 0.04827201594246132,
    "p_val": 0.0078125
  },
  "24": {
    "mean_true": 0.19439231288701597,
    "mean_placebo": 0.08291830128672181,
    "p_val": 0.015625
  }
}