{
  "mean_target": 0.020319039481026785,
  "mean_uniform": 0.008926791803508236,
  "mean_positional": 0.0010247843606131417,
  "p_uni": 4.257536555141166e-07,
  "p_dist": 1.1443908695138692e-12
}