{
  "Qwen2.5-1.5B": [
    0.2908579707145691,
    0.2947002649307251,
    0.31069129705429077,
    0.3039821982383728,
    0.3130764365196228,
    0.3210703134536743,
    0.3303958773612976,
    0.3554713726043701,
    0.35250622034072876,
    0.3494766354560852,
    0.347716748714447,
    0.3634887933731079,
    0.359661340713501,
    0.36156970262527466,
    0.36190640926361084,
    0.3801211714744568,
    0.38671523332595825,
    0.3824746608734131,
    0.3833931088447571,
    0.36229509115219116,
    0.3538058400154114,
    0.35100799798965454,
    0.35071760416030884,
    0.3264470100402832,
    0.31942105293273926,
    0.30156707763671875,
    0.28908687829971313,
    0.2801511287689209
  ],
  "Llama-3.2-1B": [
    0.2922486662864685,
    0.30861425399780273,
    0.3603689670562744,
    0.363664448261261,
    0.3684518337249756,
    0.41118067502975464,
    0.4152981638908386,
    0.41531234979629517,
    0.4152557849884033,
    0.4316657781600952,
    0.4214096665382385,
    0.3881927728652954,
    0.3659595251083374,
    0.36297285556793213,
    0.3399046063423157,
    0.33283597230911255
  ],
  "phi-1_5": [
    0.17785662412643433,
    0.20092672109603882,
    0.22124409675598145,
    0.23264986276626587,
    0.24960392713546753,
    0.2615787982940674,
    0.26999467611312866,
    0.27528584003448486,
    0.2785640358924866,
    0.2838313579559326,
    0.2845497131347656,
    0.2937653064727783,
    0.29462724924087524,
    0.2929837703704834,
    0.29013705253601074,
    0.2929108142852783,
    0.2878202199935913,
    0.2836940288543701,
    0.2755012512207031,
    0.27148258686065674,
    0.26410067081451416,
    0.26000142097473145,
    0.25433099269866943,
    0.2531728148460388
  ]
}