{
  "Qwen2.5-1.5B_vs_Llama-3.2-1B": {
    "true_matrix": {
      "comparison": {
        "comparison": 4.962996609508991,
        "copy": 12.208874672651291,
        "counting": 20.96285255253315,
        "fact_recall": 16.738689869642258,
        "sorting": 17.536489367485046,
        "arithmetic": 18.59976053237915
      },
      "copy": {
        "comparison": 14.1704490929842,
        "copy": 16.103862673044205,
        "counting": 22.71102386713028,
        "fact_recall": 19.002193093299866,
        "sorting": 17.220545530319214,
        "arithmetic": 22.98643296957016
      },
      "counting": {
        "comparison": 21.729818612337112,
        "copy": 18.761186733841896,
        "counting": 5.787060931324959,
        "fact_recall": 19.372388795018196,
        "sorting": 21.650970965623856,
        "arithmetic": 11.140292659401894
      },
      "fact_recall": {
        "comparison": 16.713056206703186,
        "copy": 18.079552471637726,
        "counting": 15.798107787966728,
        "fact_recall": 12.458399429917336,
        "sorting": 15.673658579587936,
        "arithmetic": 15.998025834560394
      },
      "sorting": {
        "comparison": 16.1038658618927,
        "copy": 18.11383457481861,
        "counting": 20.611460626125336,
        "fact_recall": 14.500318884849548,
        "sorting": 12.102355018258095,
        "arithmetic": 22.716730266809464
      },
      "arithmetic": {
        "comparison": 21.15779083967209,
        "copy": 19.088443994522095,
        "counting": 12.039415642619133,
        "fact_recall": 20.405688375234604,
        "sorting": 23.305111050605774,
        "arithmetic": 11.53876793384552
      }
    },
    "diagonal_ci": [
      8.845581930611903,
      10.98084557587281
    ],
    "off_diagonal_ci": [
      16.55680831703047,
      17.867674486270793
    ],
    "significant": true
  },
  "Qwen2.5-1.5B_vs_phi-1_5": {
    "true_matrix": {
      "comparison": {
        "comparison": 6.035510182380676,
        "copy": 20.433363005518913,
        "counting": 32.33087447285652,
        "fact_recall": 21.79764713346958,
        "sorting": 23.79324561357498,
        "arithmetic": 29.928754687309265
      },
      "copy": {
        "comparison": 19.194940716028214,
        "copy": 9.650054298341274,
        "counting": 36.09122198820114,
        "fact_recall": 29.97482965886593,
        "sorting": 11.961529016494751,
        "arithmetic": 38.94069904088974
      },
      "counting": {
        "comparison": 30.542440325021744,
        "copy": 28.39419101178646,
        "counting": 7.334467455744743,
        "fact_recall": 21.087553828954697,
        "sorting": 34.21031337976456,
        "arithmetic": 13.391094639897346
      },
      "fact_recall": {
        "comparison": 20.97410574555397,
        "copy": 29.064838990569115,
        "counting": 21.058900594711304,
        "fact_recall": 6.776799850165844,
        "sorting": 30.042218774557114,
        "arithmetic": 18.249236896634102
      },
      "sorting": {
        "comparison": 22.07643237709999,
        "copy": 14.217435374855995,
        "counting": 33.50733572244644,
        "fact_recall": 26.495792746543884,
        "sorting": 6.124676987528801,
        "arithmetic": 37.40280520915985
      },
      "arithmetic": {
        "comparison": 28.064350575208664,
        "copy": 31.12076611816883,
        "counting": 12.056875944137573,
        "fact_recall": 17.881625056266785,
        "sorting": 37.114715695381165,
        "arithmetic": 5.121846377849579
      }
    },
    "diagonal_ci": [
      6.601322851842269,
      8.764974838960915
    ],
    "off_diagonal_ci": [
      24.329824240008993,
      25.652333458922804
    ],
    "significant": true
  },
  "Llama-3.2-1B_vs_phi-1_5": {
    "true_matrix": {
      "comparison": {
        "comparison": 8.812757834792137,
        "copy": 15.82417207956314,
        "counting": 25.378886312246323,
        "fact_recall": 20.277434289455414,
        "sorting": 20.554258286952972,
        "arithmetic": 25.168599367141724
      },
      "copy": {
        "comparison": 15.580172315239906,
        "copy": 14.08668178319931,
        "counting": 21.917652189731598,
        "fact_recall": 22.175204277038574,
        "sorting": 23.135778039693832,
        "arithmetic": 22.84120336174965
      },
      "counting": {
        "comparison": 23.023096472024918,
        "copy": 20.232875540852547,
        "counting": 7.34227055311203,
        "fact_recall": 19.556225270032883,
        "sorting": 25.634731650352478,
        "arithmetic": 15.867982983589172
      },
      "fact_recall": {
        "comparison": 18.036542117595673,
        "copy": 21.83062680065632,
        "counting": 24.04879891872406,
        "fact_recall": 13.063407808542252,
        "sorting": 17.458064287900925,
        "arithmetic": 25.573366910219193
      },
      "sorting": {
        "comparison": 18.742553681135178,
        "copy": 20.773196384310722,
        "counting": 25.725788176059723,
        "fact_recall": 15.962719023227692,
        "sorting": 14.18380457162857,
        "arithmetic": 28.07974636554718
      },
      "arithmetic": {
        "comparison": 20.781169414520264,
        "copy": 19.70771238207817,
        "counting": 12.805847644805908,
        "fact_recall": 20.707312554121017,
        "sorting": 27.580861270427704,
        "arithmetic": 13.330151677131653
      }
    },
    "diagonal_ci": [
      10.699365322276329,
      13.020465651806443
    ],
    "off_diagonal_ci": [
      20.186545671386025,
      21.331084762023142
    ],
    "significant": true
  }
}