{
  "comparison": {
    "mean": 21.56,
    "std": 3.0407893711995246,
    "min": 16,
    "max": 30
  },
  "copy": {
    "mean": 15.59,
    "std": 2.020371253012674,
    "min": 12,
    "max": 20
  },
  "counting": {
    "mean": 20.27,
    "std": 4.282184022201755,
    "min": 12,
    "max": 29
  },
  "fact_recall": {
    "mean": 9.77,
    "std": 1.725427483263206,
    "min": 6,
    "max": 13
  },
  "sorting": {
    "mean": 17.37,
    "std": 1.0455142275454694,
    "min": 15,
    "max": 20
  },
  "arithmetic": {
    "mean": 11.47,
    "std": 1.187055179846329,
    "min": 9,
    "max": 14
  }
}