{
  "rho_numeric_internal": 0.942857142857143,
  "rho_symbolic_internal": 0.8155446086480569,
  "rho_cross_block": 0.9369501466275659,
  "rho_global": 0.8953762655255194,
  "mantel_p_value": 9.999000099990002e-05
}