{
  "seq_lens": [
    256,
    512,
    1024,
    2048,
    4096
  ],
  "baseline_ms": [
    38.24715000000651,
    69.14535000000797,
    167.23363999999492,
    463.1522500000301,
    5338.492359999964
  ],
  "moe_ms": [
    418.1516399999964,
    1093.3203500000218,
    990.6685700000253,
    2097.981149999987,
    31373.338910000028
  ]
}