{
  "Qwen2.5-1.5B_vs_Llama-3.2-1B": {
    "confusion_matrix": [
      [
        0.04255827448491751,
        0.8685920511841276,
        0.939047659537607,
        0.8657624371033077,
        0.9282251325331193,
        0.8666914244580567
      ],
      [
        0.8666268854090203,
        0.06204617387551475,
        0.8319869476402649,
        0.7246107922947516,
        0.8476047126763356,
        0.7734612671406412
      ],
      [
        0.894673373299848,
        0.8049337577761179,
        0.05997148738531271,
        0.7952577209675826,
        0.9339036214638767,
        0.8662307997428247
      ],
      [
        0.8853043390398387,
        0.7193240555459716,
        0.8611576976411548,
        0.14543993570217853,
        0.9034645798371137,
        0.8872417277503895
      ],
      [
        0.9003216226917569,
        0.8718968818786182,
        0.956277359362454,
        0.9027966891631584,
        0.04780987247630277,
        0.897839618805574
      ],
      [
        0.8510462920704194,
        0.78271647316381,
        0.8975653270063632,
        0.8487353295735411,
        0.9260038262930813,
        0.03586438689962844
      ]
    ],
    "mean_diagonal_cost": 0.06561502180397578,
    "time_shuffle_threshold": 0.07306369603875824
  },
  "Qwen2.5-1.5B_vs_phi-1_5": {
    "confusion_matrix": [
      [
        0.1609173223069627,
        0.8865499678688279,
        0.9458635664676524,
        0.835739160147984,
        0.9106462073009307,
        0.8577993346211115
      ],
      [
        0.8531645287190266,
        0.08463165872065795,
        0.8273732804161078,
        0.7204333258853503,
        0.8064275961450175,
        0.7505558759705965
      ],
      [
        0.8641808195305509,
        0.8267577764298087,
        0.08481475873053948,
        0.7616716712966124,
        0.8994862446285634,
        0.8665754405909238
      ],
      [
        0.8711674979364411,
        0.7544421490376353,
        0.8534480770804869,
        0.15423464127044967,
        0.855682428636942,
        0.8551467152552377
      ],
      [
        0.877396619681865,
        0.8927518428198644,
        0.9527382058238535,
        0.9085286872886276,
        0.09911229422189442,
        0.8511175472136029
      ],
      [
        0.8348462542326428,
        0.7926232827962716,
        0.8956742993753645,
        0.8696341452616971,
        0.9134028076888494,
        0.1716524231868289
      ]
    ],
    "mean_diagonal_cost": 0.12589384973955553,
    "time_shuffle_threshold": 0.1388178044333883
  },
  "Llama-3.2-1B_vs_phi-1_5": {
    "confusion_matrix": [
      [
        0.1181724302370149,
        0.8708891248982757,
        0.9186711403739779,
        0.8363566089628499,
        0.864350058883574,
        0.8293866212848152
      ],
      [
        0.8412430921047153,
        0.07302332088317141,
        0.7862691279112743,
        0.6875770227873307,
        0.8075285550413978,
        0.7571288374056134
      ],
      [
        0.8968698180356042,
        0.8147008908511252,
        0.025689804871588354,
        0.7960062703773816,
        0.9263104059938523,
        0.8721802473654533
      ],
      [
        0.8332661122911835,
        0.724911671323026,
        0.8174086703313282,
        0.12091004667551401,
        0.8512737531122365,
        0.7947549294969617
      ],
      [
        0.8455916770129063,
        0.8704155063764764,
        0.9441336873029931,
        0.8911541400824432,
        0.06525823131504506,
        0.8743099998727085
      ],
      [
        0.8320732775930311,
        0.7725123869314946,
        0.861822033883155,
        0.8389210133367593,
        0.901397866508936,
        0.16242326397989726
      ]
    ],
    "mean_diagonal_cost": 0.09424618299370517,
    "time_shuffle_threshold": 0.1065625846618433
  }
}