{
  "true_rho": 0.9644225506294472,
  "digit_density_weight_norm": 30.25823974609375,
  "null_rhos_distribution": [
    0.7925561029009304,
    0.8089764641488779,
    0.7597153804050356,
    0.782703886152162,
    0.7558839627805145,
    0.752599890530925,
    0.8243021346469621,
    0.7624521072796935,
    0.8117131910235358,
    0.7569786535303776,
    0.8253968253968254,
    0.789272030651341,
    0.7870826491516147,
    0.8171866447728516,
    0.7602627257799672,
    0.7739463601532567,
    0.7952928297755884,
    0.7651888341543513,
    0.7712096332785988,
    0.7744937055281882,
    0.7783251231527094,
    0.7701149425287356,
    0.7914614121510672,
    0.7712096332785988,
    0.8029556650246306,
    0.8106185002736727,
    0.7755883962780514,
    0.7777777777777778,
    0.7575259989053093,
    0.79584017515052,
    0.793103448275862,
    0.7296113847837985,
    0.7690202517788725,
    0.8095238095238094,
    0.8040503557744937,
    0.752599890530925,
    0.742200328407225,
    0.7859879584017515,
    0.7865353037766831,
    0.8084291187739463,
    0.782703886152162,
    0.8040503557744937,
    0.778872468527641,
    0.7487684729064039,
    0.783798576902025,
    0.7668308702791461,
    0.8144499178981938,
    0.7920087575259989,
    0.7575259989053093,
    0.8013136288998358
  ],
  "null_mean": 0.7822003284072249,
  "null_max": 0.8253968253968254
}